src_node,dest_node,nodes,links,distance,num_hops
1,5,"[1, 3, 5]","[7, 18]",73.57,2
1,5,"[1, 4, 5]","[8, 24]",117.91999999999999,2
1,5,"[1, 4, 2, 0, 3, 5]","[8, 14, 0, 1, 18]",179.44,5
1,5,"[1, 3, 0, 2, 4, 5]","[7, 1, 0, 14, 24]",191.57,5
5,1,"[5, 3, 1]","[18, 7]",73.57,2
5,1,"[5, 4, 1]","[24, 8]",117.91999999999999,2
5,1,"[5, 3, 0, 2, 4, 1]","[18, 1, 0, 14, 8]",179.44,5
5,1,"[5, 4, 2, 0, 3, 1]","[24, 14, 0, 1, 7]",191.57,5
